State,Incidence category
Alabama,Low incidence
Alaska,Low incidence
Arizona,Low incidence
Arkansas,Low incidence
California,Low incidence
Colorado,Low incidence
Connecticut,High incidence
Delaware,High incidence
District of Columbia,High incidence
Florida,Low incidence
Georgia,Low incidence
Hawaii,Low incidence
Idaho,Low incidence
Illinois,Low incidence
Indiana,Low incidence
Iowa,Low incidence
Kansas,Low incidence
Kentucky,Low incidence
Louisiana,Low incidence
Maine,High incidence
Maryland,High incidence
Massachusetts,High incidence
Michigan,Low incidence
Minnesota,High incidence
Mississippi,Low incidence
Missouri,Low incidence
Montana,Low incidence
Nebraska,Low incidence
Nevada,Low incidence
New Hampshire,High incidence
New Jersey,High incidence
New Mexico,Low incidence
New York,High incidence
North Carolina,Low incidence
North Dakota,Low incidence
Ohio,Low incidence
Oklahoma,Low incidence
Oregon,Low incidence
Pennsylvania,High incidence
Rhode Island,High incidence
South Carolina,Low incidence
South Dakota,Low incidence
Tennessee,Low incidence
Texas,Low incidence
Utah,Low incidence
Vermont,High incidence
Virginia,High incidence
Washington,Low incidence
West Virginia,High incidence
Wisconsin,High incidence
Wyoming,Low incidence
