﻿StateCode,State,Code,Region,Division
1,Alabama,AL,West,Pacific
2,Alaska,AK,South,East South Central
3,Arizona,AZ,South,West South Central
4,Arkansas,AR,West,Mountain
5,California,CA,West,Pacific
6,Colorado,CO,West,Mountain
7,Connecticut,CT,Northeast,New England
8,Delaware,DE,South,South Atlantic
9,District of Columbia,DC,South,South Atlantic
10,Florida,FL,South,South Atlantic
11,Georgia,GA,South,South Atlantic
12,Hawaii,HI,West,Pacific
13,Idaho,ID,Midwest,West North Central
14,Illinois,IL,West,Mountain
15,Indiana,IN,Midwest,East North Central
16,Iowa,IA,Midwest,East North Central
17,Kansas,KS,Midwest,West North Central
18,Kentucky,KY,South,East South Central
19,Louisiana,LA,South,West South Central
20,Maine,ME,Northeast,New England
21,Maryland,MD,South,South Atlantic
22,Massachusetts,MA,Northeast,New England
23,Michigan,MI,Midwest,East North Central
24,Minnesota,MN,Midwest,West North Central
25,Mississippi,MS,Midwest,West North Central
26,Missouri,MO,South,East South Central
27,Montana,MT,West,Mountain
28,Nebraska,NE,South,South Atlantic
29,Nevada,NV,Midwest,West North Central
30,New Hampshire,NH,Midwest,West North Central
31,New Jersey,NJ,Northeast,New England
32,New Mexico,NM,Northeast,Middle Atlantic
33,New York,NY,West,Mountain
34,North Carolina,NC,West,Mountain
35,North Dakota,ND,Northeast,Middle Atlantic
36,Ohio,OH,Midwest,East North Central
37,Oklahoma,OK,South,West South Central
38,Oregon,OR,West,Pacific
39,Pennsylvania,PA,Northeast,Middle Atlantic
40,Rhode Island,RI,Northeast,New England
41,South Carolina,SC,South,South Atlantic
42,South Dakota,SD,Midwest,West North Central
43,Tennessee,TN,South,East South Central
44,Texas,TX,South,West South Central
45,Utah,UT,West,Mountain
46,Vermont,VT,South,South Atlantic
47,Virginia,VA,Northeast,New England
48,Washington,WA,West,Pacific
49,West Virginia,WV,Midwest,East North Central
50,Wisconsin,WI,South,South Atlantic
51,Wyoming,WY,West,Mountain
